,analyzer_model,accuracy
0,Claude,60.791666666666664
1,Deepseek,80.45833333333334
2,Gemini,61.0
3,Llama,83.04166666666666
4,Mistral,70.04166666666666
5,Qwen,73.08333333333333
