,analyzer_model,accuracy
0,Claude,62.01388888888889
1,Deepseek,79.6875
2,Gemini,59.6875
3,Llama,81.52777777777777
4,Mistral,66.45833333333334
5,Qwen,70.4861111111111
