analyzer_model,Deepseek,Gemini,Mistral
Claude,65.0,62.083333333333336,58.958333333333336
Deepseek,,79.79166666666667,79.58333333333333
Gemini,60.625,,58.75
Llama,81.25,82.08333333333333,81.25
Mistral,66.04166666666667,66.875,
Qwen,70.625,70.20833333333333,70.625
