analyzer_model,Claude,Deepseek,Gemini,Llama,Mistral,Qwen
Claude,,-3.708333333333343,-10.125000000000007,-5.833333333333329,-10.875000000000007,-10.583333333333336
Deepseek,5.625,,7.583333333333329,8.750000000000014,9.749999999999986,10.875
Gemini,-14.791666666666657,-8.083333333333343,,-4.791666666666657,-11.083333333333343,-12.458333333333336
Llama,9.166666666666671,12.541666666666657,9.874999999999986,,11.416666666666657,14.208333333333329
Mistral,0.625,-2.6666666666666714,-5.333333333333343,1.0416666666666714,,-2.0416666666666714
Qwen,-0.625,1.9166666666666572,-2.000000000000014,0.8333333333333428,0.7916666666666572,
