analyzer_model,Deepseek,Gemini,Mistral
Claude,-3.708333333333343,-10.125000000000007,-10.875000000000007
Deepseek,,7.583333333333329,9.749999999999986
Gemini,-8.083333333333343,,-11.083333333333343
Llama,12.541666666666657,9.874999999999986,11.416666666666657
Mistral,-2.6666666666666714,-5.333333333333343,
Qwen,1.9166666666666572,-2.000000000000014,0.7916666666666572
