analyzer_model,Claude,Deepseek,Gemini,Llama,Mistral,Qwen
Claude,,65.0,62.083333333333336,64.58333333333333,58.958333333333336,53.333333333333336
Deepseek,88.95833333333333,,79.79166666666667,79.16666666666667,79.58333333333333,74.79166666666667
Gemini,68.54166666666667,60.625,,65.625,58.75,51.458333333333336
Llama,92.5,81.25,82.08333333333333,,81.25,78.125
Mistral,83.95833333333333,66.04166666666667,66.875,71.45833333333333,,61.875
Qwen,82.70833333333333,70.625,70.20833333333333,71.25,70.625,
